{"train_examples": 597, "val_examples": 0, "test_examples": 0, "_timestamp": 1747211094.98664, "_runtime": 0.9921829700469971, "_step": 0, "_wandb": {"runtime": 106}}